0xb9b877fc622A101B5CAbF3aeB1c8084664A6D65d,1
0xdFAc144553070FDf14d7dca55aa73E6FbE5b741F,1
0x182C640e0F98C3e87a4321EE88e834682cDF58Ab,1
0xFF30b8273384256e8a77029AbDf87682B2f98D51,1
0x5D5d9F5496Ea392372b128dB0617b83bc3C99E39,1
0xbd1AaD46f5C616998106239722a0bCCc12849b96,1
0x2b93780242cFd1Bd7D999B40Df9f33A9c7F75D68,1
0xB79324E1A01e07237a9A9e2dC552427D95A8738e,1
0x030f59CE46A18145A70F13f7e2ced8471c5BE4dD,1
0xeB879854355832AA20A5B4a8E23A55570FA323D1,1
0x63B05a76c8912D69E3C9939C79d7af8B41eB76E5,1
0xd2391115330b7dc50CB5b405Cd82402A681801fd,1
0xEa1e153019F6ED266B13e9b0A9Dec2CD724C56CA,1
0x6e8Cc9BC286A59e56cA8C067129ebcD5Cf0D8Bc6,1
0x06881d3c492d7A55B3DbaD008d31e6637e06e656,1
0x56aA15ffAA9bC219744Ff114Be4D600C0a0b6155,1
0x2838895DC2e488f4c2fFdB18b023b4599e863719,1
0xB6e32e1fD767dF6Dc16EEd7e66DE5A596a1D6536,1
0xDcd5caCEAc0ABfCc5a46FC2447Ce729Df454379b,1
0x46aFEAC06c124DddE7fE5Fe83D2eF652bA72F598,1
0x7065C7E0bAe459260110fbE9Bd584463350886D3,1
0xc83d793e7a020C1A226FBCff0042F978d14f71B8,1
0x7808A9660B6fCdE8d8d14C9c43add1BA0EB33F12,1
0xB0592BC576291e660596e74D9a84cbd117D7ADDC,1
0x3c73d4De4A49936d206a298Ed31d63DD2BAb6157,1
0x82d020e18511E0E6Afa5C51BD598EEfc84230D63,1
0x71Da7CD07eEc109B4F010d98210A437a9f1c6FE7,1
0x46E90b36bE8694d5EC7c39A0679302b4E89c5606,1
0xC3f0E42eD53Bf0D4baf4372CfC0bC0F217958dD6,1
0xe8Bf4609469D7b716D344956a9058E342cE9588c,1
0x02dFf5332e4Db4eC405b011A19DBB4d1f5c93657,1
0xF0120dF9989471361bAea282AF47106d9F605925,1
0xcF8EeafEEC02eC4e553E8FDb64c369F61Ae25B57,1
0xB662980BB5E0167B4fd7D77c610eDAfa54413f23,1
0x392c10aA20f06288bF87DF36E8e7fbCb732B1d7F,1
0xA94588795669544A06fB527C86B25325837aBD12,1
0x9B77C9C3b601ed614DF82eE3654f3f41dd3884Ef,1
0x230c0F387390a57420cF348f07963f4Aa992CE30,1
0x6D99386eD4451D9476E9170e07a31666074268A2,1
0x4F52Aa0F60926DF400FbC0f2C2723640c053D016,1
0xaCFf8d560374915548937C997781596C038C7A9c,1
0xCEc34C4FfbEd19FB38f9CAB7A0584ba1eec7DA9c,1
0x4DdF7fd27187b2b6b15b7BF5284CE2672841b0F4,1
0xA927a6319CC4A7e3f47F51Db69C6Af61928D3305,1
0x3be443eb37556b3750245AE76d1c69ED4A49fAbF,1
0x62d02D2d875581D93112E3Fc73e668caD474974C,1
0x405B6e31DA047B6E9984094db21689Bf6908631F,1
0x8A0961051B7c752265C4C85BAB77108BCADC23B3,1
0x2A6ccA5b8774E4FdcC6bc024d53869fcf64018d7,1
0xc4Be83c75F990c9AC99deDc6F60Dd1c35547eeF8,1
0x2532FAA5E447785D8FBBeb74E0528791d184Fe35,1
