0x230c0F387390a57420cF348f07963f4Aa992CE30,0x66f5e9348Cad5a142e77e476017852678a4132E9
0x6E05a80094040261Cda5A2754fc1CF0e92213D15,0x5B2D855556790f3f0fDb998772B2796f7367cC7D
0xdFAc144553070FDf14d7dca55aa73E6FbE5b741F,0x2AdF55E0f89706e708352a2701d7b4F06852C595
0x2CC1fD4d54EAb5bFF6719Cb399F79eDE85E355c7,0x046E6c8d4D75ddC4beFaFC07F2518F799B88BaD4
0x516B6cBDF2ccD59F3229FCe77856e864944488Ec,0xd657e243565bCfeC924354A6d76487ec8A52f827
0x73307167ac6209A05cf68487708A8e62B297c798,0xbbB4677a832fd7a6Ac0857888e6e6063FdD4c400
0x62d02D2d875581D93112E3Fc73e668caD474974C,0x8Ed0648187C1613969CA6065951E5bE3d3B78468
0xe8Bf4609469D7b716D344956a9058E342cE9588c,0x58eAE3048A523A6279a24e97019632Ac5b1aD520
0x8A0961051B7c752265C4C85BAB77108BCADC23B3,0x97DD2B208C5526332D5d3db740b464561ee4d252
0xA927a6319CC4A7e3f47F51Db69C6Af61928D3305,0xb936976f02C59E74aeA74970217cc30a2396d7E9
0xA94588795669544A06fB527C86B25325837aBD12,0xfe6d95Fa91b0dbae88CC36F845321E85Ac9F629D
0xdD76F628a5dF7e1781B85b22cCCaedD4DDC3614C,0xc0039123A815b392Ec2c225eF62fC5B1d6873afE
0xE3E94dEdf9adC9cAa49825888cf438a9DA34f6C5,0x4f1A5B4CfDD623178994B3A01628bA6e1eEC1584
0xc83d793e7a020C1A226FBCff0042F978d14f71B8,0x7f41C8729E90DBf3630f2b7E91e57D668Ce7c9f8
0xB6e32e1fD767dF6Dc16EEd7e66DE5A596a1D6536,0xCc89F844D0F25cF7152a2b4db78c351b4cF00a53
0x4F52Aa0F60926DF400FbC0f2C2723640c053D016,0x6c9e3D50636a5224e401E1CfE14Ee2cFd64A8Bc2
0x005570DF71019d998DA2B5cD6b62cAAc7dc6e167,0x9166fF0628E212910ffE623ecF9Dd5A11E9D2267
0x97F9991B057b550BcD1849A394F33177c978AE20,0xAEE630C003BE04cA4d431ADf1B761A94AD561e5f
0xc4Be83c75F990c9AC99deDc6F60Dd1c35547eeF8,0x39c93880deCB07D78CE694b1C9F0d588E8FD8242
0xB79324E1A01e07237a9A9e2dC552427D95A8738e,0xbE390b63c9482f6B06992FC7cCAef0934ce8041c
0xb800cE0dE6B9fAA48A90C0E1D462fE3697717622,0x482bC9090f559E552256BaB5c1Ce0FE3d0A87619
0x11513b68af07eA6c5811fAd408D492cAc032fca2,0x49E94f682eB061Ee281ad879A89C0Db45d53e303
0xB662980BB5E0167B4fd7D77c610eDAfa54413f23,0x1F71352BE034273501C5f2F7b2625E619511DDDA
0xB0592BC576291e660596e74D9a84cbd117D7ADDC,0xEafF96e203B195C381857Eb665de85DCc8442578
0x46aFEAC06c124DddE7fE5Fe83D2eF652bA72F598,0x6E4b3c9C3E184085B429DEF84628880E945BFb36
0x6e8Cc9BC286A59e56cA8C067129ebcD5Cf0D8Bc6,0x2B4fF44998E938bd562ddD562914c5D105C9F6F4
0x46E90b36bE8694d5EC7c39A0679302b4E89c5606,0x2A5398ac846DB1FC0ef4f341A3682b76589A029e
0x871079Bf132933B5DFfb1682c08c56efA5913aB1,0xE09cC9D0C7918AAdB15CA78637D264fAC7fab3ab
0xF0120dF9989471361bAea282AF47106d9F605925,0xD36b342028f60C38622a8CCe0D2A3FBa307aBfD1
0xeB879854355832AA20A5B4a8E23A55570FA323D1,0x7788e0848337E5dC5003f861b8024d243F7926fa
0xd2391115330b7dc50CB5b405Cd82402A681801fd,0x06883065bfddaB28bbE331C55F2cD3d432aDc0b7
0xE29aAD58Fc116e2a0bBe7443981675e708a56d12,0x6b91583d3093728C6F1e6F7DA6AbA635b31D0C46
0x56aA15ffAA9bC219744Ff114Be4D600C0a0b6155,0xc2573e7470762E2C55e9298eac863F3B9Cfde86F
0x5E20a2481cE2C1966CC454878891366366273b2c,0x4042D6DA8855cA81e097679cE6c28416810cB02A
0x82d020e18511E0E6Afa5C51BD598EEfc84230D63,0x6716c44C78878BE1ae1E954e43F1072927Ac7586
0xff0ADEC4DAe09b020Bb6CC0acc2B00f0d6d2737e,0xD61Fe934244C9d07867De4b87ccCe51eeBaA7Ab1
0x70A309EAD8c3a03F31C09472a90DFCa36Ae032aC,0xd4EC439c1e8219de97375A88696a9ef822a37565
0xbd1AaD46f5C616998106239722a0bCCc12849b96,0x6519056E91387D881C92BB3C992C2A79bF98a2a5
0xb5F12DB25A69394CeE8339E17ed5Ba11aadd9b83,0x8503c55BEebBaB46304B7aAA323C6Ab48a153b94
0xCEc34C4FfbEd19FB38f9CAB7A0584ba1eec7DA9c,0xb3ec4918C6C3f5eEEf23144363A6906506d129A5
0x245388d0B3f94046964cF1cE40c53eD5c101c4e2,0x6f200689B5b797dddc95f7a0739672eb465a7e1e
0x60201187E0F449d337eE2605Fca2E6f587cD82aE,0xa4098E79ccECFE442F7CD4dc85703c9767e6D5B1
0xea52B97C630f6218f0FB4679fa32b1Cbe11542D4,0x39E7b21aA2fC1D78b8852B1dE412120c581e04Ba
0xBe54Cf056898FB2e4f99b6731fce93f61E5eE942,0x018B4Ff9125874177689027A058202be219D4206
0x30d1CBA3A7Dc343E4E2524A3CB00B8442a070dd1,0xBa1e7A1121583a74BEA5CDac33650387c0a565e3
0xD6E4F18e37bE9E14f26d9cB65081B8b5a9Ae9a43,0x8F9Df16BE2f14f403bB32B9322104F4065d607db
0x1B373BF99BF9f97eA43eF2DD004770069f71BC7B,0x408ce8D3A12981291CAE562744b7d993Fcd0b67b
0x85AaFf882c0Ac39302CA365EB09807e4963F3637,0x118401067788164c8A270090F2BFBb03fD2305C2
0xFF30b8273384256e8a77029AbDf87682B2f98D51,0x476080B4fDDcA5ae1739F17518eBe502C715D6c5
0xD129aF4F005f5305d480E2e5845573Fa7f7acee7,0xe35A01Fd64f5b2dC146F6f73D63de4668647A152
0xc23f5F41aA20F5b3D7ebC585817A20af2796d4df,0xA2Fb9b70E2e08E8D0627Cca1B6C34c94259EB041
0xD24eeaCcC266a45e23e975F6564493cCbe8F7ee7,0x5AECf6CE3304454378e5450FFdBa10FfF8716f45
0x709EeD3a010cb1991E360810CEC8cCf679A067B4,0x70675270e4a9326271f7e23509EC725892853270
0x8A0b868ba468d9D3A5d2b08E000052e5Bb43db28,0x87C6ad968b2B83EeA5dC398DA313FD05DFC81E24
0x1841910bABC531aa481d861E1A4CC3C2c1F3549a,0x737Ae2B9EeA5E2b64148491e04Eecfa1Ff0e9D11
0xcb37EA165B366199abD20bff53041eB9c721f4e7,0x87B8AD9dB0365cFE117B3eC2132dA9b68abff35E
0xdD6E18c84020E877d916440e5F5A10d372E46F0A,0x3415E0f817Bc3e917bDF64f6f69806e972e2bD3A
0x366ab7DC188996e75C7E2d37B799549B4775d74E,0x688d94Ac8A6b4e7b435Ad58a9a5D6eCbEeB34596
0x0282858CE05d337a88032446B613166c9D67E919,0x6dba91D09aC7E1117D2BF35Ae47e8c6F11E0EF0a
0x0caDBF63510E14D6A31b252FD07217AE7F308aa2,0xDb8749066873EE4F81fC89161D81E8BeA52b7DCC
0x3e9E93DcaD28Db5FF06F0a75B155ed17fF3B81D1,0xd5718088ef2b767e7F21665a78a40E9b1d593528
0x9b448c3A109342f4e26fDD4FB6C280Ba2E8df1A1,0x504Ab74b68EED5776C01784F19AAb01C25fAD4D0
0x75E568653f383d987022bEFE345832Acf2746e68,0xF33B34ecE0FA4fd748862e8374C04E12B8D36f12
0x5c8a56642B6193EE959D9b651b8B255fF705411F,0x7ad21aCA582CE27177d4eEbdbFD352322D57ca7F
0xC3B2D6537B89C0c6dB42827D0E23ED385351579D,0x8AA69c3b57953A2409A7df23e00f58a46Be112a9
0x7cc12d2e6BF056121950F70135954eabb13f278B,0x60C465FA3D7344fb9d84E027f6CCa62Be7e6Ed07
0xD2859Bd3d81D53F137566dE4DD023915B7FCC127,0xd1B840911a55b7642fd707e2872e75B0b4673055
0x3bDF988A24B3BedD64b5CCA1eC721E8559e58E94,0x1CF6a451d38EAD12F9a14f89CF9811E7bBDf3cF0
0xE38dafB2d026eF39612aB5dFf08C53bC3C659321,0x11c8bEbD6B08009076A87B54e89B7D6398Ae10Ec
0xf93578D96D85021C9861907BB1026f1447a26C80,0x98fBcfa6314A6eB9dcC1eF1Be66105e44646ffF9
0x1dc34f28B340441ce73F33C03ffA3fA275D601A9,0xa4C79C23cB3D99071533dc181Bc73C78dC5C5741
0x93a6528a73dd0655Ee9cEd6aD413cb12130f54b5,0x409BbAF671F9574A9D35A7717C9bf5434097206a
0x7EA4cFc6d977b1dA5e5C865543d5260114403Ee9,0xD78694667aF548f13E155A319328Ba78Bc8E16a9
0x3E44cEb207C73c358b85974f306a4bda3D5a313A,0x91f301054e520E81D256C4816f8808EaFe3249F4
0xf82149A05A27757cB0b7184F4F6783EF49B81EB6,0x307c727bBDA916E5f6671491aee37a8Be5cB8E07
